,type,function,run_iter,total_time,function_arguments,scenario_type,result,profiler_arguments
0,duckdb,casino_simulation,1,10.749383926391602,"{'num_samples': 10000, 'turn_limit': 5000}",time,"[0.981152584, 0.9713524169999999, 0.981571958, 0.970607958, 0.978238459, 0.9790622500000001, 0.9713178750000004, 0.9764100419999995, 0.9798461659999997, 0.9818109580000005, 0.9779894589999998]",{}
1,duckdb,casino_simulation,1,12.428395986557007,"{'num_samples': 20000, 'turn_limit': 5000}",time,"[1.7726855409999998, 1.781781, 1.7829057499999998, 1.7724185839999995, 1.767130292, 1.7760912910000002, 1.7753778750000002]",{}
2,duckdb,casino_simulation,1,12.446808099746704,"{'num_samples': 50000, 'turn_limit': 5000}",time,"[4.151065167, 4.130102292, 4.165645250000001]",{}
3,duckdb,casino_simulation,1,24.286366939544678,"{'num_samples': 100000, 'turn_limit': 5000}",time,"[8.129049334000001, 8.106981250000002, 8.111127209]",{}
4,numpy,casino_simulation,1,11.143074035644531,"{'num_samples': 10000, 'turn_limit': 5000}",time,"[1.285064583, 1.231231041, 1.2152242079999995, 1.2300187499999993, 1.2416862919999998, 1.2328232909999999, 1.2218493750000006, 1.239552625, 1.2457769580000004]",{}
5,numpy,casino_simulation,1,12.956548929214478,"{'num_samples': 20000, 'turn_limit': 5000}",time,"[2.636635833, 2.5897123749999995, 2.556170292, 2.567729625, 2.6064961659999994]",{}
6,numpy,casino_simulation,1,21.59313678741455,"{'num_samples': 50000, 'turn_limit': 5000}",time,"[7.34828775, 7.1766394159999995, 7.068542042000001]",{}
7,numpy,casino_simulation,1,51.458709955215454,"{'num_samples': 100000, 'turn_limit': 5000}",time,"[16.867389958999997, 16.890445792, 17.701704917]",{}
